rank,name,artist,category,price,release_date,app_id,bundle_id,app_url,icon_url,summary,rights,version,file_size,rating,rating_count,content_rating,description,screenshots,languages,genres,minimum_os_version,current_version_release_date,developer_website,support_url
1,ChatGPT,OpenAI,생산성,받기,2023-05-24T00:00:00-07:00,6448311069,com.openai.chat,https://apps.apple.com/kr/app/chatgpt/id6448311069?uo=2,https://is1-ssl.mzstatic.com/image/thumb/Purple211/v4/60/29/8b/60298b37-c475-0eac-71cb-208214fe7a9d/AppIcon-0-0-1x_U007epad-0-0-0-1-0-85-220.png/100x100bb.png,"iOS용 ChatGPT를 소개합니다. 이제 OpenAI의 최신 기술을 손끝에서 경험해 보세요.

이 공식 앱은 무료이며, 여러 기기에서 기록이 동기화되고, 새로운 이미지 생성기를 포함한 OpenAI의 최신 기능을 제공합니다.

ChatGPT 앱으로 할 수 있는 일:

· 이미지 생성 – 설명을 바탕으로 새로운 이미지를 생성하거나 몇 마디로 기존 이미지를 변환할 수 있습니다.
· 고급 음성 모드 – 음파 아이콘을 눌러 이동 중에도 실시간 대화를 나눌 수 있습니다. 저녁 식사 자리에서 토론을 마무리하거나 새로운 언어를 연습해 보세요.
· 사진 업로드 – 사진을 찍거나 업로드해 손글씨 레시피를 텍스트로 변환하거나 랜드마크에 대한 정보를 얻을 수 있습니다.
· 창의적인 영감 – 맞춤형 생일 선물 아이디어를 찾거나 개인에게 맞춘 인사 카드를 만들어 보세요.
· 맞춤형 조언 – 어려운 상황을 함께 이야기하거나 상세한 여행 일정, 완벽한 답변 작성을 도와줍니다.
· 개인화된 학습 – 공룡을 좋아하는 아이에게 전기에 대해 설명하거나 역사적 사건을 쉽게 복습할 수 있습니다.
· 전문가의 인사이트 – 마케팅 카피를 브레인스토밍하거나 사업 계획을 세워보세요.
· 즉각적인 답변 – 재료가 몇 가지 밖에 없을 때 요리법을 추천받으세요.

수억 명의 사용자들과 함께 전 세계를 사로잡은 이 앱을 지금 바로 사용해 보세요. 오늘 ChatGPT를 다운로드하세요.

서비스 이용약관 및 개인정보처리방침:
https://openai.com/policies/terms-of-use
https://openai.com/policies/privacy-policy",© 2025 OpenAI OpCo L.L.C.,1.2025.189,98806784,4.84187,331516,12+,"iOS용 ChatGPT를 소개합니다. 이제 OpenAI의 최신 기술을 손끝에서 경험해 보세요.

이 공식 앱은 무료이며, 여러 기기에서 기록이 동기화되고, 새로운 이미지 생성기를 포함한 OpenAI의 최신 기능을 제공합니다.

ChatGPT 앱으로 할 수 있는 일:

· 이미지 생성 – 설명을 바탕으로 새로운 이미지를 생성하거나 몇 마디로 기존 이미지를 변환할 수 있습니다.
· 고급 음성 모드 – 음파 아이콘을 눌러 이동 중에도 실시간 대화를 나눌 수 있습니다. 저녁 식사 자리에서 토론을 마무리하거나 새로운 언어를 연습해 보세요.
· 사진 업로드 – 사진을 찍거나 업로드해 손글씨 레시피를 텍스트로 변환하거나 랜드마크에 대한 정보를 얻을 수 있습니다.
· 창의적인 영감 – 맞춤형 생일 선물 아이디어를 찾거나 개인에게 맞춘 인사 카드를 만들어 보세요.
· 맞춤형 조언 – 어려운 상황을 함께 이야기하거나 상세한 여행 일정, 완벽한 답변 작성을 도와줍니다.
· 개인화된 학습 – 공룡을 좋아하는 아이에게 전기에 대해 설명하거나 역사적 사건을 쉽게 복습할 수 있습니다.
· 전문가의 인사이트 – 마케팅 카피를 브레인스토밍하거나 사업 계획을 세워보세요.
· 즉각적인 답변 – 재료가 몇 가지 밖에 없을 때 요리법을 추천받으세요.

수억 명의 사용자들과 함께 전 세계를 사로잡은 이 앱을 지금 바로 사용해 보세요. 오늘 ChatGPT를 다운로드하세요.

서비스 이용약관 및 개인정보처리방침:
https://openai.com/policies/terms-of-use
https://openai.com/policies/privacy-policy",[],"['SQ', 'AM', 'AR', 'HY', 'BN', 'BS', 'BG', 'MY', 'CA', 'HR', 'CS', 'DA', 'NL', 'EN', 'ET', 'FI', 'FR', 'KA', 'DE', 'EL', 'GU', 'HI', 'HU', 'IS', 'ID', 'IT', 'JA', 'KN', 'KK', 'KO', 'LV', 'LT', 'MK', 'MS', 'ML', 'MR', 'MN', 'NB', 'PL', 'PT', 'PA', 'RO', 'RU', 'SR', 'ZH', 'SK', 'SL', 'SO', 'ES', 'SW', 'SV', 'TL', 'TA', 'TE', 'TH', 'ZH', 'TR', 'UK', 'UR', 'VI']","['생산성', '유틸리티']",17.0,2025-07-12T12:04:51Z,https://apps.apple.com/kr/developer/openai/id1684349733?uo=4,
2,SHEIN - 온라인 쇼핑,ROADGET BUSINESS PTE. LTD.,쇼핑,받기,2014-05-19T20:45:36-07:00,878577184,zzkko.com.ZZKKO,https://apps.apple.com/kr/app/shein-%EC%98%A8%EB%9D%BC%EC%9D%B8-%EC%87%BC%ED%95%91/id878577184?uo=2,https://is1-ssl.mzstatic.com/image/thumb/Purple221/v4/15/c7/af/15c7af82-ac1a-4201-86ae-d53d1d4d61c0/AppIcon-0-0-1x_U007emarketing-0-8-0-0-85-220.png/100x100bb.png,"고객님이 사랑하는 모든 것을 손끝으로!

SHEIN은 재미있고 초저가 온라인 쇼핑 플랫폼입니다. 패션 의류에서 가정, 미용, 액세서리, 신발, 애완동물, 전자제품, 도구, 사무실 등에 이르기까지 SHEIN은 여러분의 삶의 모든 요구를 충족시키기 위해 최선을 다하고 있습니다. 새로운 드롭 등에 대한 푸시 알림을 계속 제공합니다.  30,000원 이상 구매 시 무료 빠른 배송, SHEIN에서 즐거운 여행이 되길 바랍니다!

지금 바로 SHEIN으로 여러분 자신을 격려하세요!   
                                                                                                 
웰컴 혜택
- 신규 회원 최대 60%쿠폰
- 24시간 내 출고 
- 첫 구매 무조건 무료 항공 배송 
- 패션 관련 모든 것을 찾을 수 있다!                                                                         

다양한 선택사항
- 다양한 종류의 재미있고 쉬운 쇼핑
- 신규 도착, 트렌드, 카테고리, 베스트셀러 등을 기준으로 찾아보기

배려심 많은 서비스
- 판매 알림 및 프로모션 할인을 먼저 이용할 수 있습니다
- 24시간 내 출고
- PayPal ，Kakao pay및 주요 신용카드 승인 중
- 7*24 고객 서비스

연락처:
URL: kr.shein.com
Facebook: https://www.facebook.com/SHEINKOREA
Instagram: https://www.instagram.com/sheinkorea_
고객 서비스 센터: https://m.shein.com/kr/user/support


SHEIN 앱 이용시 다음과 같은 접근권한을 요청할 수 있습니다.

[선택적 접근권한]

-	알림: 단말에 푸쉬 알림을 보내기 위해 사용

-	카메라: 사진 및 동영상을 촬영하여 앱에 업로드하기 위해 사용

-	사진 및 동영상: 단말에 저장된 사진 및 동영상을 앱에 업로드하기 위해 사용

-	위치: 관련 서비스가 있는 국가에서, 위치 기반 서비스 제공을 위해 사용
(단, 대한민국에서는 활용하지 않음.) 

-	캘린더: 단말 캘린더에 SHEIN LIVE 일정을 동기화하기 위해 사용

-	마이크: 카메라를 통해 동영상 촬영시 해당 동영상에 음성도 포함될 수 있도록 하기 위해 사용

※	위 선택적 접근권한을 허용하지 않더라도 해당 접근권한과 관련된 기능을 제외한 나머지 SHEIN 서비스는 계속 이용하실 수 있습니다.",© SHEIN,13.1.0,140107776,3.86437,1858,12+,"고객님이 사랑하는 모든 것을 손끝으로!

SHEIN은 재미있고 초저가 온라인 쇼핑 플랫폼입니다. 패션 의류에서 가정, 미용, 액세서리, 신발, 애완동물, 전자제품, 도구, 사무실 등에 이르기까지 SHEIN은 여러분의 삶의 모든 요구를 충족시키기 위해 최선을 다하고 있습니다. 새로운 드롭 등에 대한 푸시 알림을 계속 제공합니다.  30,000원 이상 구매 시 무료 빠른 배송, SHEIN에서 즐거운 여행이 되길 바랍니다!

지금 바로 SHEIN으로 여러분 자신을 격려하세요!   
                                                                                                 
웰컴 혜택
- 신규 회원 최대 60%쿠폰
- 24시간 내 출고 
- 첫 구매 무조건 무료 항공 배송 
- 패션 관련 모든 것을 찾을 수 있다!                                                                         

다양한 선택사항
- 다양한 종류의 재미있고 쉬운 쇼핑
- 신규 도착, 트렌드, 카테고리, 베스트셀러 등을 기준으로 찾아보기

배려심 많은 서비스
- 판매 알림 및 프로모션 할인을 먼저 이용할 수 있습니다
- 24시간 내 출고
- PayPal ，Kakao pay및 주요 신용카드 승인 중
- 7*24 고객 서비스

연락처:
URL: kr.shein.com
Facebook: https://www.facebook.com/SHEINKOREA
Instagram: https://www.instagram.com/sheinkorea_
고객 서비스 센터: https://m.shein.com/kr/user/support


SHEIN 앱 이용시 다음과 같은 접근권한을 요청할 수 있습니다.

[선택적 접근권한]

-	알림: 단말에 푸쉬 알림을 보내기 위해 사용

-	카메라: 사진 및 동영상을 촬영하여 앱에 업로드하기 위해 사용

-	사진 및 동영상: 단말에 저장된 사진 및 동영상을 앱에 업로드하기 위해 사용

-	위치: 관련 서비스가 있는 국가에서, 위치 기반 서비스 제공을 위해 사용
(단, 대한민국에서는 활용하지 않음.) 

-	캘린더: 단말 캘린더에 SHEIN LIVE 일정을 동기화하기 위해 사용

-	마이크: 카메라를 통해 동영상 촬영시 해당 동영상에 음성도 포함될 수 있도록 하기 위해 사용

※	위 선택적 접근권한을 허용하지 않더라도 해당 접근권한과 관련된 기능을 제외한 나머지 SHEIN 서비스는 계속 이용하실 수 있습니다.",[],"['AR', 'BG', 'CS', 'NL', 'EN', 'FR', 'DE', 'EL', 'HE', 'HU', 'ID', 'IT', 'JA', 'KO', 'PL', 'PT', 'RO', 'RU', 'SK', 'ES', 'SV', 'TH', 'ZH', 'TR', 'VI']",['쇼핑'],12.2,2025-07-10T08:47:41Z,https://apps.apple.com/kr/developer/roadget-business-pte-ltd/id1526109949?uo=4,
3,Temu: 억만장자처럼 쇼핑하기,Temu,쇼핑,받기,2022-08-31T00:00:00-07:00,1641486558,com.einnovation.temu,https://apps.apple.com/kr/app/temu-%EC%96%B5%EB%A7%8C%EC%9E%A5%EC%9E%90%EC%B2%98%EB%9F%BC-%EC%87%BC%ED%95%91%ED%95%98%EA%B8%B0/id1641486558?uo=2,https://is1-ssl.mzstatic.com/image/thumb/Purple221/v4/4f/c5/58/4fc55847-016d-e5bc-48a4-c6a6b2ab3d70/AppIcon-1x_U007emarketing-0-8-0-0-P3-85-220-0.png/100x100bb.png,"Temu에서 단독 할인을 즐겨보세요. 어디서나 무료 배송! 

Temu는 패션, 홈 데코, 수제 공예, 뷰티 & 화장품, 의류, 신발 등 당신이 원하는 모든 것을 포함하고 있습니다.

지금 바로 Temu를 다운로드하여 최상의 쇼핑을 즐겨보세요.

폭넓은 선택 
여러가지 새로운 제품과 상점을 찾아보세요.

편리한 쇼핑
빠르고 안전한 결제. 
무료 배송 및 90일 이내 무료 반품.
*기타 조건이 적용될 수 있습니다.

temu.com 을 방문하거나 Temu를 팔로우하세요: 
Instagram: https://www.instagram.com/temu/
TikTok: https://www.tiktok.com/@temu
Facebook: https://www.facebook.com/shoptemu
Youtube: https://www.youtube.com/@temu

서비스 접근 권한 안내
[필수적 접근권한]
없음

[선택적 접근권한]
알림：주문에 대한 업데이트를 받고, 새로운 프로모션에 대해 알아보는 데 사용합니다.
카메라 : 프로필 사진 변경, 이미지 검색, 제품 반품·환불, 신용카드 인식, 상품평 작성을 위해 카메라를 사용하는 경우에 이 기능에 접근합니다.
선택적 접근권한의 허용에 동의하지 않으셔도 앱 이용이 가능합니다.",© Whaleco Inc.,3.73.0,63598592,3.97849,19018,12+,"Temu에서 단독 할인을 즐겨보세요. 어디서나 무료 배송! 

Temu는 패션, 홈 데코, 수제 공예, 뷰티 & 화장품, 의류, 신발 등 당신이 원하는 모든 것을 포함하고 있습니다.

지금 바로 Temu를 다운로드하여 최상의 쇼핑을 즐겨보세요.

폭넓은 선택 
여러가지 새로운 제품과 상점을 찾아보세요.

편리한 쇼핑
빠르고 안전한 결제. 
무료 배송 및 90일 이내 무료 반품.
*기타 조건이 적용될 수 있습니다.

temu.com 을 방문하거나 Temu를 팔로우하세요: 
Instagram: https://www.instagram.com/temu/
TikTok: https://www.tiktok.com/@temu
Facebook: https://www.facebook.com/shoptemu
Youtube: https://www.youtube.com/@temu

서비스 접근 권한 안내
[필수적 접근권한]
없음

[선택적 접근권한]
알림：주문에 대한 업데이트를 받고, 새로운 프로모션에 대해 알아보는 데 사용합니다.
카메라 : 프로필 사진 변경, 이미지 검색, 제품 반품·환불, 신용카드 인식, 상품평 작성을 위해 카메라를 사용하는 경우에 이 기능에 접근합니다.
선택적 접근권한의 허용에 동의하지 않으셔도 앱 이용이 가능합니다.","['https://is1-ssl.mzstatic.com/image/thumb/PurpleSource221/v4/75/93/65/7593651b-0363-b0ba-657a-6f83fafdd750/60a3bc77-0b8d-413a-b3cf-855d981f57c4.png/392x696bb.png', 'https://is1-ssl.mzstatic.com/image/thumb/PurpleSource211/v4/14/41/04/144104fe-8d36-cb9a-7b23-e18757e10df2/4974bd18-6120-4619-82c7-f156a1a8fe02.png/392x696bb.png', 'https://is1-ssl.mzstatic.com/image/thumb/PurpleSource221/v4/08/0a/8c/080a8c43-2b3d-cc65-d628-68d83d1e2f0b/1b833d49-c563-4fca-9cd1-e7f935069c1a.png/392x696bb.png', 'https://is1-ssl.mzstatic.com/image/thumb/PurpleSource211/v4/59/2b/e1/592be127-ed3e-c018-dead-1813ffa60f0d/dbcb0547-0c83-4f93-9d3d-a9f5bc773503.png/392x696bb.png', 'https://is1-ssl.mzstatic.com/image/thumb/PurpleSource211/v4/74/9b/80/749b80a9-99b2-a1be-c6d7-412117f820cc/2f877647-a927-474c-a299-adaea73c3268.png/392x696bb.png', 'https://is1-ssl.mzstatic.com/image/thumb/PurpleSource221/v4/2c/f6/78/2cf67806-dc01-7ee5-b9b4-7f4102a6d5d7/9c4e1b30-20fa-41d4-9a3e-ea0a934dd34e.png/392x696bb.png']","['SQ', 'AR', 'HY', 'AZ', 'BS', 'BG', 'HR', 'CS', 'DA', 'NL', 'EN', 'ET', 'FI', 'FR', 'KA', 'DE', 'EL', 'HE', 'HU', 'IS', 'IT', 'JA', 'KK', 'KO', 'LV', 'LT', 'MK', 'MS', 'MT', 'MN', 'NB', 'PL', 'PT', 'RO', 'RU', 'SR', 'ZH', 'SI', 'SK', 'SL', 'ES', 'SV', 'TH', 'ZH', 'TR', 'UK', 'UZ', 'VI', 'ZU']",['쇼핑'],9.0,2025-07-13T07:40:14Z,https://apps.apple.com/kr/developer/temu/id1641486560?uo=4,
4,DramaWave -일본 / 한국 / 인기 단편 드라마,SKYWORK AI PTE LTD,엔터테인먼트,받기,2024-10-02T00:00:00-07:00,6670430706,com.dramabuzz.app,https://apps.apple.com/kr/app/dramawave-%EC%9D%BC%EB%B3%B8-%ED%95%9C%EA%B5%AD-%EC%9D%B8%EA%B8%B0-%EB%8B%A8%ED%8E%B8-%EB%93%9C%EB%9D%BC%EB%A7%88/id6670430706?uo=2,https://is1-ssl.mzstatic.com/image/thumb/Purple211/v4/61/21/25/612125dd-41e5-6a5c-133b-feebb5730274/AppIcon-0-0-1x_U007ephone-0-1-0-85-220.png/100x100bb.png,"DramaWave에 오신 것을 환영합니다 — 독점 세로형 TV 영상, 시리즈, 영화를 제공하는 차세대 HD 스트리밍 플랫폼입니다. 17개 언어로 제공되는 3만 편 이상의 드라마에 빠져보세요 — 어디에서도 볼 수 없는 독점 콘텐츠와 함께!

DramaWave를 선택하는 이유는 무엇입니까?
1. 빠르고 흡입력 있는 드라마
감정과 스릴을 몇 분 만에 전달하는 드라마로 가득 찬 이야기에 뛰어들어 빠른 탈출이나 폭식할 만한 세션에 적합합니다.
2. 크리스탈-클리어 스트
모든 장면이 활기차고 생생하게 보이도록 놀라운 1080P 해상도에 몰입하십시오.
3. 신선한 오리지널, 주간 업데이트
정기적으로 추가되는 독점 새 드라마로 즐거움을 유지하십시오. 드라마 중심의 엔터테인먼트 세계에는 항상 흥미로운 것이 기다리고 있습니다.
4. 언제 어디서나 스트
삶이 어디를 가든 풍부한 비주얼과 사운드로 매끄러운 스트을 즐기십시오.
5. 글로벌 접근성
영어, 스페인어, 프랑스어, 독일어, 일본어 및 한국어를 포함한 다국어 자막으로 시청하여 모두에게 드라마를 선사합니다.
6. 세로 전체 화면 피드
몰입감 있는 엔터테인먼트 경험을 제공합니다. 정교한 알고리즘을 통해 맞춤형 드라마 콘텐츠를 제공하여 좋아하는 드라마를 빠르게 찾을 수 있습니다.

드라마 개봉
DramaWave로 차세대 스토리텔링에 대해 알아보십시오. 쉽고, 흥미롭고, 접근하기 쉽게 만든 드라마입니다. 바로 손끝!

구독 세부 정보
구독 계획으로 독점 콘텐츠를 잠금 해제하십시오. 구독은 자동으로 갱신되지만 계정 설정에서 언제든지 관리하거나 취소할 수 있습니다.

문의
웹사이트:mydramawave.com
이메일:dramawaveteam@gmail.com
지금 DramaWave를 다운로드하고 예전처럼 드라마를 경험하세요!",© SKYWORK AI PTE. LTD.,1.4.30,147614720,4.55629,1066,12+,"DramaWave에 오신 것을 환영합니다 — 독점 세로형 TV 영상, 시리즈, 영화를 제공하는 차세대 HD 스트리밍 플랫폼입니다. 17개 언어로 제공되는 3만 편 이상의 드라마에 빠져보세요 — 어디에서도 볼 수 없는 독점 콘텐츠와 함께!

DramaWave를 선택하는 이유는 무엇입니까?
1. 빠르고 흡입력 있는 드라마
감정과 스릴을 몇 분 만에 전달하는 드라마로 가득 찬 이야기에 뛰어들어 빠른 탈출이나 폭식할 만한 세션에 적합합니다.
2. 크리스탈-클리어 스트
모든 장면이 활기차고 생생하게 보이도록 놀라운 1080P 해상도에 몰입하십시오.
3. 신선한 오리지널, 주간 업데이트
정기적으로 추가되는 독점 새 드라마로 즐거움을 유지하십시오. 드라마 중심의 엔터테인먼트 세계에는 항상 흥미로운 것이 기다리고 있습니다.
4. 언제 어디서나 스트
삶이 어디를 가든 풍부한 비주얼과 사운드로 매끄러운 스트을 즐기십시오.
5. 글로벌 접근성
영어, 스페인어, 프랑스어, 독일어, 일본어 및 한국어를 포함한 다국어 자막으로 시청하여 모두에게 드라마를 선사합니다.
6. 세로 전체 화면 피드
몰입감 있는 엔터테인먼트 경험을 제공합니다. 정교한 알고리즘을 통해 맞춤형 드라마 콘텐츠를 제공하여 좋아하는 드라마를 빠르게 찾을 수 있습니다.

드라마 개봉
DramaWave로 차세대 스토리텔링에 대해 알아보십시오. 쉽고, 흥미롭고, 접근하기 쉽게 만든 드라마입니다. 바로 손끝!

구독 세부 정보
구독 계획으로 독점 콘텐츠를 잠금 해제하십시오. 구독은 자동으로 갱신되지만 계정 설정에서 언제든지 관리하거나 취소할 수 있습니다.

문의
웹사이트:mydramawave.com
이메일:dramawaveteam@gmail.com
지금 DramaWave를 다운로드하고 예전처럼 드라마를 경험하세요!",[],"['EN', 'FR', 'DE', 'HI', 'ID', 'IT', 'JA', 'KO', 'MS', 'PT', 'RU', 'ES', 'TH', 'ZH', 'TR', 'VI']",['엔터테인먼트'],13.0,2025-06-26T09:40:18Z,https://apps.apple.com/kr/developer/skywork-ai-pte-ltd/id1619484606?uo=4,
5,땡겨요,SHINHAN BANK,음식 및 음료,받기,2021-12-28T00:00:00-07:00,1598850912,com.shinhan.o2o,https://apps.apple.com/kr/app/%EB%95%A1%EA%B2%A8%EC%9A%94/id1598850912?uo=2,https://is1-ssl.mzstatic.com/image/thumb/Purple211/v4/bc/66/58/bc665847-f3da-a865-80a2-1b485574236f/AppIcon-0-0-1x_U007emarketing-0-8-0-85-220.png/100x100bb.png,"땡큐쏘머치 땡겨요먹지~
세 번 시키면 만원 더 할인!

○ 2만원 이상 3번 주문 할 때마다 매월 1만원 쿠폰!
○ 총 16,OOO원 신규가입 쿠폰팩!
○ 매월 쏟아지는 인기 브랜드 할인쿠폰!
○ 매일 1OO% 당첨 최대  23,000원 쿠폰!

○ 우리 동네 지역화폐 결제로 최대 3O% 혜택까지!
○ 오직 2.2% 배달중계 수수료
   사장님이 땡겨주는 할인으로 보답!


[땡겨요에 대해 더 알고싶다면?]
- 홈페이지 : https://www.ddangyo.com/
- 인스타그램 : https://www.instagram.com/ddangyo_official
- 카카오 채널 : http://pf.kakao.com/_yhxmVb

*앱 사용 중에 문제나 오류가 발생한 경우에는 앱 내 1:1 문의하기 또는 땡겨요 고객센터에 문의를 남겨주세요.
→고객센터 안내 : 1661-5489 (평일/주말 오전 7시 ~ 새벽 1시)

* 땡겨요 사용을 위해 다음 접근 권한 허용이 필요합니다.
- 알림(선택) : 주문상태 등 서비스 알림 전송
- 위치설정(선택) : 현재 위치 자동 수신 안내 및 주변 매장 추천
- 사진(선택) : 리뷰 작성 / 프로필 이미지 등록 및 업데이트
- 카메라(선택) : 사진/동영상 리뷰 및 프로필 설정 시 사진촬영, 주문 시 QR코드 스캔
- 마이크(선택) : 리뷰 작성 시 영상 업로드를 위한 촬영

* 위 항목은 접근권한에 동의하지 않아도 땡겨요 서비스를 이용할 수 있으나, 일부 기능 사용에 제한이 있을 수 있습니다.
* 단말기 설정 > 땡겨요 메뉴에서도 설정하실 수 있습니다.",© 신한은행,1.8.8,112321536,4.68139,11026,4+,"땡큐쏘머치 땡겨요먹지~
세 번 시키면 만원 더 할인!

○ 2만원 이상 3번 주문 할 때마다 매월 1만원 쿠폰!
○ 총 16,OOO원 신규가입 쿠폰팩!
○ 매월 쏟아지는 인기 브랜드 할인쿠폰!
○ 매일 1OO% 당첨 최대  23,000원 쿠폰!

○ 우리 동네 지역화폐 결제로 최대 3O% 혜택까지!
○ 오직 2.2% 배달중계 수수료
   사장님이 땡겨주는 할인으로 보답!


[땡겨요에 대해 더 알고싶다면?]
- 홈페이지 : https://www.ddangyo.com/
- 인스타그램 : https://www.instagram.com/ddangyo_official
- 카카오 채널 : http://pf.kakao.com/_yhxmVb

*앱 사용 중에 문제나 오류가 발생한 경우에는 앱 내 1:1 문의하기 또는 땡겨요 고객센터에 문의를 남겨주세요.
→고객센터 안내 : 1661-5489 (평일/주말 오전 7시 ~ 새벽 1시)

* 땡겨요 사용을 위해 다음 접근 권한 허용이 필요합니다.
- 알림(선택) : 주문상태 등 서비스 알림 전송
- 위치설정(선택) : 현재 위치 자동 수신 안내 및 주변 매장 추천
- 사진(선택) : 리뷰 작성 / 프로필 이미지 등록 및 업데이트
- 카메라(선택) : 사진/동영상 리뷰 및 프로필 설정 시 사진촬영, 주문 시 QR코드 스캔
- 마이크(선택) : 리뷰 작성 시 영상 업로드를 위한 촬영

* 위 항목은 접근권한에 동의하지 않아도 땡겨요 서비스를 이용할 수 있으나, 일부 기능 사용에 제한이 있을 수 있습니다.
* 단말기 설정 > 땡겨요 메뉴에서도 설정하실 수 있습니다.",[],['KO'],"['음식 및 음료', '라이프스타일']",15.0,2025-06-26T00:01:02Z,https://apps.apple.com/kr/developer/shinhan-bank/id357484935?uo=4,
6,DramaBox - 영화와 숏폼 드라마,STORYMATRIX PTE. LTD.,엔터테인먼트,받기,2023-04-18T00:00:00-07:00,6445905219,com.storymatrix.drama,https://apps.apple.com/kr/app/dramabox-%EC%98%81%ED%99%94%EC%99%80-%EC%88%8F%ED%8F%BC-%EB%93%9C%EB%9D%BC%EB%A7%88/id6445905219?uo=2,https://is1-ssl.mzstatic.com/image/thumb/Purple211/v4/19/a0/50/19a050c6-844b-2609-9ecc-64703112cb68/AppIcon-0-0-1x_U007ephone-0-1-0-0-85-220.png/100x100bb.png,"출퇴근길, 점심시간, 혹은 하루 끝의 휴식 시간. 지금 당신에게 필요한 건, 딱 맞는 콘텐츠!
DramaBox가 엄선한 고품질 숏폼 드라마, 인디 영화, 수상작 시리즈를 만나보세요.
새로운 콘텐츠가 매주 업데이트돼서 심심할 틈이 없을 거예요!

DramaBox만의 특별한 기능도 함께 소개해 드릴게요.
‒ 어디서든 HD 화질로 감상 가능한 스트리밍
‒ 나의 취향과 인기 트렌드를 반영한 콘텐츠 추천
‒ 시청 기록과 평점 기반 맞춤 추천 제공
‒ 광고 없이 끊김 없는 감상
‒ 찜한 콘텐츠를 재생목록으로 저장해두기
‒ 구독만 하면 전 작품 무료 시청
‒ 자세한 사항은 이용약관을 참고해주세요

이제 시작해볼까요?
지금 바로 앱을 다운로드하고, 취향 저격 드라마를 마음껏 즐겨보세요!
DramaBox 공식 페이스북 페이지를 팔로우하시면 다양한 소식을 가장 먼저 받아보실 수 있어요.
https://www.facebook.com/DramaBoxMoviesDrama","Copyright © 2022 GoStory, All Right Reserved STORYMATRIX PTE. LTD.",3.9.5,122439680,4.61197,8257,12+,"출퇴근길, 점심시간, 혹은 하루 끝의 휴식 시간. 지금 당신에게 필요한 건, 딱 맞는 콘텐츠!
DramaBox가 엄선한 고품질 숏폼 드라마, 인디 영화, 수상작 시리즈를 만나보세요.
새로운 콘텐츠가 매주 업데이트돼서 심심할 틈이 없을 거예요!

DramaBox만의 특별한 기능도 함께 소개해 드릴게요.
‒ 어디서든 HD 화질로 감상 가능한 스트리밍
‒ 나의 취향과 인기 트렌드를 반영한 콘텐츠 추천
‒ 시청 기록과 평점 기반 맞춤 추천 제공
‒ 광고 없이 끊김 없는 감상
‒ 찜한 콘텐츠를 재생목록으로 저장해두기
‒ 구독만 하면 전 작품 무료 시청
‒ 자세한 사항은 이용약관을 참고해주세요

이제 시작해볼까요?
지금 바로 앱을 다운로드하고, 취향 저격 드라마를 마음껏 즐겨보세요!
DramaBox 공식 페이스북 페이지를 팔로우하시면 다양한 소식을 가장 먼저 받아보실 수 있어요.
https://www.facebook.com/DramaBoxMoviesDrama",[],"['AR', 'EN', 'FR', 'DE', 'ID', 'JA', 'KO', 'PT', 'ZH', 'ES', 'TH', 'ZH']",['엔터테인먼트'],15.1,2025-07-10T02:12:35Z,https://apps.apple.com/kr/developer/storymatrix-pte-ltd/id1608373134?uo=4,
7,캐치테이블,WADcorp,음식 및 음료,받기,2019-12-12T00:00:00-07:00,1485193566,co.catchtable.m,https://apps.apple.com/kr/app/%EC%BA%90%EC%B9%98%ED%85%8C%EC%9D%B4%EB%B8%94/id1485193566?uo=2,https://is1-ssl.mzstatic.com/image/thumb/Purple211/v4/2c/82/96/2c8296f8-c7a1-99d7-ba87-a8937fe75bb0/AppIcon-0-0-1x_U007ephone-0-1-0-85-220.png/100x100bb.png,"■ 350만 이상 유저가 선택한 맛집 예약 & 웨이팅 앱  
파인다이닝, 핫플 등 10,000여 개의 맛집에 예약, 웨이팅이 가능합니다.

■ 원하는 조건으로 한 번에! 새로워진 캐치테이블 검색
지역, 편의시설, 방문 목적부터 프로그램 명까지 단어 조합으로 쉽고 빠르게 검색해보세요


■ 전화 필요 없이 APP에서 24시간 온라인 예약
날짜, 시간, 인원 등 원하는 조건으로 간편하게 예약 가능 여부를 확인하고 실시간으로 예약을 확정합니다.

■ 전국 줄 서는 맛집을 온라인 웨이팅으로 편리하게!
2-3시간 대기하는 인기 맛집에, 힘들게 기다리지 말고 바로 입장하세요.

■ 스시야도, 스테이크도! 인기 맛집 할인 티켓
가이드북에 등재된 레스토랑부터 인기 스시야까지 할인된 가격으로 즐겨보세요.

■ 다양한 필터로 나에게 딱 맞는 맛집 추천
방문 목적에 맞게 날짜, 인원은 물론 가격대, 음식 종류, 테이블 타입까지!
데이트, 혼밥, 가족 모임 등 상황에 맞는 추천 맛집도 준비되어 있습니다.

■ 한눈에 확인하는 맛집의 모든 정보
베스트 메뉴, 가격, 발렛, 콜키지 등 다양한 정보를 한 번에 확인할 수 있습니다.

■ 맛집 선택에 도움이 되는 150만 개의 실제 방문 리뷰
실제 방문한 유저의 생생한 리뷰를 확인하고,
취향이 맞는 유저는 팔로우 하세요! 마음에 드는 맛집 찾기가 더 쉬워집니다.

■ 예약에 실패했을 땐? 빈자리 알림으로 대기
가고 싶은 핫플 예약을 놓쳤다고 포기하지 마세요.
빈자리 알림을 설정해두면 빈 좌석이 생길 경우 바로 알려드립니다.

■ 웨이팅 중 바로 입장이 어렵다면 웨이팅 미루기로 순서 조정
힘들게 기다린 맛집, 입장 순서 전에 도착하지 못했다면 웨이팅 미루기로 순서를 바꿔보세요!


맛집 예약부터 웨이팅까지 한 번에, 쉽게! 
캐치테이블로 즐거운 미식 생활을 시작하세요.



[선택적 접근 권한 안내]
- 위치 : 주변 맛집 정보 검색을 위한 현 위치 자동 수신
- 파일 및 미디어 : 리뷰 사진 업로드 및 이미지 저장
- 연락처 : 팔로우할 친구 추천을 위한 기기 연락처 연결
- 선택적 접근 권한에 동의하지 않아도 캐치테이블을 이용하실 수 있습니다.


[CATCHTABLE Global]
https://www.catchtable.net


[문의 사항]
service@catchtable.co.kr


[개발자 연락처]
1800-5895","Copyright©2017WAD.,LTD.All Right Reserved",1.1.81,32286720,4.90513,95170,4+,"■ 350만 이상 유저가 선택한 맛집 예약 & 웨이팅 앱  
파인다이닝, 핫플 등 10,000여 개의 맛집에 예약, 웨이팅이 가능합니다.

■ 원하는 조건으로 한 번에! 새로워진 캐치테이블 검색
지역, 편의시설, 방문 목적부터 프로그램 명까지 단어 조합으로 쉽고 빠르게 검색해보세요


■ 전화 필요 없이 APP에서 24시간 온라인 예약
날짜, 시간, 인원 등 원하는 조건으로 간편하게 예약 가능 여부를 확인하고 실시간으로 예약을 확정합니다.

■ 전국 줄 서는 맛집을 온라인 웨이팅으로 편리하게!
2-3시간 대기하는 인기 맛집에, 힘들게 기다리지 말고 바로 입장하세요.

■ 스시야도, 스테이크도! 인기 맛집 할인 티켓
가이드북에 등재된 레스토랑부터 인기 스시야까지 할인된 가격으로 즐겨보세요.

■ 다양한 필터로 나에게 딱 맞는 맛집 추천
방문 목적에 맞게 날짜, 인원은 물론 가격대, 음식 종류, 테이블 타입까지!
데이트, 혼밥, 가족 모임 등 상황에 맞는 추천 맛집도 준비되어 있습니다.

■ 한눈에 확인하는 맛집의 모든 정보
베스트 메뉴, 가격, 발렛, 콜키지 등 다양한 정보를 한 번에 확인할 수 있습니다.

■ 맛집 선택에 도움이 되는 150만 개의 실제 방문 리뷰
실제 방문한 유저의 생생한 리뷰를 확인하고,
취향이 맞는 유저는 팔로우 하세요! 마음에 드는 맛집 찾기가 더 쉬워집니다.

■ 예약에 실패했을 땐? 빈자리 알림으로 대기
가고 싶은 핫플 예약을 놓쳤다고 포기하지 마세요.
빈자리 알림을 설정해두면 빈 좌석이 생길 경우 바로 알려드립니다.

■ 웨이팅 중 바로 입장이 어렵다면 웨이팅 미루기로 순서 조정
힘들게 기다린 맛집, 입장 순서 전에 도착하지 못했다면 웨이팅 미루기로 순서를 바꿔보세요!


맛집 예약부터 웨이팅까지 한 번에, 쉽게! 
캐치테이블로 즐거운 미식 생활을 시작하세요.



[선택적 접근 권한 안내]
- 위치 : 주변 맛집 정보 검색을 위한 현 위치 자동 수신
- 파일 및 미디어 : 리뷰 사진 업로드 및 이미지 저장
- 연락처 : 팔로우할 친구 추천을 위한 기기 연락처 연결
- 선택적 접근 권한에 동의하지 않아도 캐치테이블을 이용하실 수 있습니다.


[CATCHTABLE Global]
https://www.catchtable.net


[문의 사항]
service@catchtable.co.kr


[개발자 연락처]
1800-5895","['https://is1-ssl.mzstatic.com/image/thumb/PurpleSource211/v4/bd/97/76/bd9776ff-fbc1-792a-810c-e9e414714a65/0_U110b_U116f_U11ab_U1100_U1167_U11af_U110c_U1166___U110b_U1162_U11b8_U1109_U1173_U1110_U1169_U110b_U1165___1242_x_2208.png/392x696bb.png', 'https://is1-ssl.mzstatic.com/image/thumb/PurpleSource221/v4/ae/80/d0/ae80d0c7-b3d1-a1f4-b9b9-06fed7582417/7174691f-c4aa-4461-a815-264396430da1_splash_image_1242_x_2208.png/392x696bb.png', 'https://is1-ssl.mzstatic.com/image/thumb/PurpleSource211/v4/64/61/94/64619458-2e6a-2ee1-7830-a9406f871337/be8e06b9-d38c-4285-9c36-1882c2fc02b7__Uc544_Uc774_Ud3f0_U0026_Uc548_Ub4dc_Ub85c_Uc774_Ub4dc_1242_x_2211.png/392x696bb.png', 'https://is1-ssl.mzstatic.com/image/thumb/PurpleSource211/v4/89/79/f8/8979f834-1014-8319-fa82-501e9686356c/44b6aad2-0f9c-4830-9db6-5714263fb67d__Uc544_Uc774_Ud3f0_U0026_Uc548_Ub4dc_Ub85c_Uc774_Ub4dc_1242_x_2212.png/392x696bb.png', 'https://is1-ssl.mzstatic.com/image/thumb/PurpleSource211/v4/1a/c7/5d/1ac75d14-e8b5-0a3b-ef02-11cca8dd6cc7/f2824572-ab0b-4cf0-a1a5-1f9402094117__Uc544_Uc774_Ud3f0_U0026_Uc548_Ub4dc_Ub85c_Uc774_Ub4dc_1242_x_2213.png/392x696bb.png', 'https://is1-ssl.mzstatic.com/image/thumb/PurpleSource221/v4/59/a3/e0/59a3e07a-0a23-93f3-d6e8-e008901c63a7/949d0b34-2ba6-4e14-8a30-69996623ab9b__Uc544_Uc774_Ud3f0_U0026_Uc548_Ub4dc_Ub85c_Uc774_Ub4dc_1242_x_2214.png/392x696bb.png', 'https://is1-ssl.mzstatic.com/image/thumb/PurpleSource211/v4/36/7b/1d/367b1d5d-252d-500e-60ec-c26a153d78f5/b220876f-fdc1-4444-8cd8-a21191295f9b__Uc544_Uc774_Ud3f0_U0026_Uc548_Ub4dc_Ub85c_Uc774_Ub4dc_1242_x_2215.png/392x696bb.png', 'https://is1-ssl.mzstatic.com/image/thumb/PurpleSource211/v4/37/d9/45/37d945c0-6a1e-4dc5-9268-6656ae56dfdc/1f270022-3bb1-488c-a5ec-ab49045b07b1__Uc544_Uc774_Ud3f0_U0026_Uc548_Ub4dc_Ub85c_Uc774_Ub4dc_1242_x_2216.png/392x696bb.png', 'https://is1-ssl.mzstatic.com/image/thumb/PurpleSource221/v4/8b/fa/60/8bfa6064-b931-5473-4ffc-0bd575c3b33e/811d2d1b-79cb-48ab-a3ed-6ff39991021f__Uc544_Uc774_Ud3f0_U0026_Uc548_Ub4dc_Ub85c_Uc774_Ub4dc_1242_x_2217.png/392x696bb.png']",['KO'],"['음식 및 음료', '여행']",13.0,2025-05-22T00:11:18Z,https://apps.apple.com/kr/developer/wadcorp/id1279272772?uo=4,
8,치지직,NAVER Corp.,엔터테인먼트,받기,2021-10-17T00:00:00-07:00,1585297308,com.navercorp.navergame,https://apps.apple.com/kr/app/%EC%B9%98%EC%A7%80%EC%A7%81/id1585297308?uo=2,https://is1-ssl.mzstatic.com/image/thumb/Purple221/v4/c0/48/53/c0485389-a94f-2d0b-fe18-a0e49fc0f45a/AppIcon-0-0-1x_U007emarketing-0-8-0-sRGB-85-220.png/100x100bb.png,"방송을 시작하는 설렘부터
시청자와 스트리머가 만나 소통하기까지.
그 모든 순간이 즐거운
치지직에서 스트리밍이 시작됩니다.



치지직
- 다양한 스트리머들의 방송을 둘러보고 팔로우
- 마음에 드는 방송은 다시 보고
- 네이버페이로 편리하게 후원하고 적립까지


e스포츠
- LCK, 롤드컵, GSL 등 주요 경기 정보와 영상 확인
- 즐겨보는 리그들의 경기 알림도 받고
- 고화질 라이브로 함께 시청하며 응원까지


라운지
- 좋아하는 게임의 라운지에서 소통
- 네이버 게임에서 진행하는 사전예약, 이벤트 참여
- 최신 뉴스, 게임 출시 등 누구보다 빠르게 정보 공유



개발자 연락처:
1588 - 3820
경기도 성남시 분당구 정자일로 95, NAVER 1784, 13561",© NAVER Corp.,2.18.22,130788352,1.89145,8890,12+,"방송을 시작하는 설렘부터
시청자와 스트리머가 만나 소통하기까지.
그 모든 순간이 즐거운
치지직에서 스트리밍이 시작됩니다.



치지직
- 다양한 스트리머들의 방송을 둘러보고 팔로우
- 마음에 드는 방송은 다시 보고
- 네이버페이로 편리하게 후원하고 적립까지


e스포츠
- LCK, 롤드컵, GSL 등 주요 경기 정보와 영상 확인
- 즐겨보는 리그들의 경기 알림도 받고
- 고화질 라이브로 함께 시청하며 응원까지


라운지
- 좋아하는 게임의 라운지에서 소통
- 네이버 게임에서 진행하는 사전예약, 이벤트 참여
- 최신 뉴스, 게임 출시 등 누구보다 빠르게 정보 공유



개발자 연락처:
1588 - 3820
경기도 성남시 분당구 정자일로 95, NAVER 1784, 13561","['https://is1-ssl.mzstatic.com/image/thumb/PurpleSource116/v4/5b/42/56/5b425627-1441-d75a-2d7f-c2783d86182d/fd2923ff-d043-4b4a-ae82-10596ec95131_iOS_5.5_01.png/392x696bb.png', 'https://is1-ssl.mzstatic.com/image/thumb/PurpleSource116/v4/4e/c3/4a/4ec34aeb-81b7-1579-851b-835549593d4d/74aacc14-0b29-4fe5-add0-16d4503f3c4d_iOS_5.5_02.png/392x696bb.png', 'https://is1-ssl.mzstatic.com/image/thumb/PurpleSource126/v4/4b/09/20/4b092036-0252-23ac-d8fa-76ba30ffe38a/fdbad299-99df-424a-bc49-b3bea24e4cab_iOS_5.5_03.png/392x696bb.png', 'https://is1-ssl.mzstatic.com/image/thumb/PurpleSource116/v4/d6/55/6a/d6556ae8-4b1c-d8b5-0e09-3e17e3e67f61/58cc1c92-45c1-4e98-a894-c092edf59cec_iOS_5.5_04.png/392x696bb.png', 'https://is1-ssl.mzstatic.com/image/thumb/PurpleSource126/v4/f5/5c/c6/f55cc647-4b04-f5c8-0c32-55b741270f41/488c9fd2-33b3-4356-aa2e-90894b91d53a_iOS_5.5_05.png/392x696bb.png', 'https://is1-ssl.mzstatic.com/image/thumb/PurpleSource116/v4/63/1e/1b/631e1b7c-3449-2d4f-e67b-b4188900aaf1/594698e5-181f-4dcc-8f25-edd8c310709c_iOS_5.5_06.png/392x696bb.png', 'https://is1-ssl.mzstatic.com/image/thumb/PurpleSource126/v4/35/c0/a0/35c0a0bb-78b7-c4a4-58be-512b6630ed76/fbc9c79f-e463-48a2-8a29-834596b3354b_iOS_5.5_07.png/392x696bb.png', 'https://is1-ssl.mzstatic.com/image/thumb/PurpleSource116/v4/28/09/ad/2809adfd-3ff5-7fcc-e1fb-c1a1f0e0ced7/0f3176b7-5a43-4b14-a984-e7381aaa009b_iOS_5.5_08.png/392x696bb.png']","['EN', 'KO']","['엔터테인먼트', '소셜 네트워킹']",16.0,2025-07-09T15:09:40Z,https://apps.apple.com/kr/developer/naver-corp/id311867731?uo=4,
9,TikTok Lite,TikTok Ltd.,엔터테인먼트,받기,2023-12-13T00:00:00-07:00,6447160980,com.ss.iphone.ugc.tiktok.lite,https://apps.apple.com/kr/app/tiktok-lite/id6447160980?uo=2,https://is1-ssl.mzstatic.com/image/thumb/Purple211/v4/b6/3e/13/b63e1364-5e21-3d86-606f-e00f715a3de6/AppIcon_TikTok-0-0-1x_U007emarketing-0-8-0-0-85-220.png/100x100bb.png,"무료한 나의 일상에 다채로움을 더하는 방법? 
틱톡 라이트에서 영상 보기!

출퇴근길, 쉬는시간, 점심시간, 잠자기 전. 
당신의 일상 언제 어디서나 가볍게 즐길 수 있는 틱톡 라이트를 소개합니다. 

남들과는 다른 쉬는 시간을 원한다면, 
나만의 취향저격한 영상이 한가득한 틱톡 라이트가 정답.

게다가 틱톡 라이트는 이름처럼 용량도 더욱 가벼워진 앱으로
데이터 걱정 없이 당신은 그저 쉽고 빠르게 즐기기만 하세요! 

더 많은 사람들과, 더 많은 재미.
모이면 모일 수록 즐거움이 한가득!

틱톡이 제공하는 뮤직비디오, 노래, 댄스, 코미디, 연기, 스포츠, 상황극 등등 
전세계의 크리에이터가 만들어가는 다채로운 분야의 꿀잼 영상들을
우리 함께 라이트~하게 즐겨요. 
____________________________________________________________

귀하가 TikTok Lite 앱이 접근하는 기능에 대해 이해할 수 있도록, 서비스 제공 시 필요한 접근권한 및 접근권한이 필요한 이유를 알려드립니다. 

아래 접근권한은 본 서비스 이용에 필수적이지 않은 선택 접근권한입니다. 즉, 귀하가 TikTok Lite 앱에게 아래 기능과 정보에 대한 접근권한을 허용하지 않더라도, 귀하는 TikTok Lite 앱을 이용하실 수 있습니다. 

1. 카메라: 영상 촬영 목적 
2. 마이크: 영상 촬영 시 음성 녹음 목적 
3. 캘린더: 기기 캘린더에 이벤트 알림 추가 목적
4. 파일 및 미디어: 저장된 영상 업로드 및 영상 저장 목적
5. 연락처: 지인 및 친구를 찾기 위한 목적
6. 근처 기기: 블루투스 기기와 연결 목적

* 위치: GPS기능은 세계 다른 곳에서는 활성화되어 있으나, 대한민국의 경우에는 활성화되어 있지 않습니다.",© TikTok,40.7.0,694658048,4.88959,81290,12+,"무료한 나의 일상에 다채로움을 더하는 방법? 
틱톡 라이트에서 영상 보기!

출퇴근길, 쉬는시간, 점심시간, 잠자기 전. 
당신의 일상 언제 어디서나 가볍게 즐길 수 있는 틱톡 라이트를 소개합니다. 

남들과는 다른 쉬는 시간을 원한다면, 
나만의 취향저격한 영상이 한가득한 틱톡 라이트가 정답.

게다가 틱톡 라이트는 이름처럼 용량도 더욱 가벼워진 앱으로
데이터 걱정 없이 당신은 그저 쉽고 빠르게 즐기기만 하세요! 

더 많은 사람들과, 더 많은 재미.
모이면 모일 수록 즐거움이 한가득!

틱톡이 제공하는 뮤직비디오, 노래, 댄스, 코미디, 연기, 스포츠, 상황극 등등 
전세계의 크리에이터가 만들어가는 다채로운 분야의 꿀잼 영상들을
우리 함께 라이트~하게 즐겨요. 
____________________________________________________________

귀하가 TikTok Lite 앱이 접근하는 기능에 대해 이해할 수 있도록, 서비스 제공 시 필요한 접근권한 및 접근권한이 필요한 이유를 알려드립니다. 

아래 접근권한은 본 서비스 이용에 필수적이지 않은 선택 접근권한입니다. 즉, 귀하가 TikTok Lite 앱에게 아래 기능과 정보에 대한 접근권한을 허용하지 않더라도, 귀하는 TikTok Lite 앱을 이용하실 수 있습니다. 

1. 카메라: 영상 촬영 목적 
2. 마이크: 영상 촬영 시 음성 녹음 목적 
3. 캘린더: 기기 캘린더에 이벤트 알림 추가 목적
4. 파일 및 미디어: 저장된 영상 업로드 및 영상 저장 목적
5. 연락처: 지인 및 친구를 찾기 위한 목적
6. 근처 기기: 블루투스 기기와 연결 목적

* 위치: GPS기능은 세계 다른 곳에서는 활성화되어 있으나, 대한민국의 경우에는 활성화되어 있지 않습니다.","['https://is1-ssl.mzstatic.com/image/thumb/PurpleSource221/v4/db/af/90/dbaf9078-4d41-f1df-fc3f-e7e693f42d69/c1a9bb9e-ae1a-494f-a633-29321a620231_creative_image_b2bb3d4132a2e7ce33d49f4700c1e2a4_origin.png/392x696bb.png', 'https://is1-ssl.mzstatic.com/image/thumb/PurpleSource211/v4/9a/22/52/9a2252ef-05f7-7c87-f12d-d17ccca993a4/bacec342-7ef7-4f9c-a36b-076e37c68900_creative_image_5ae9baed0f0db0fb8120cdb94dd1e025_origin.png/392x696bb.png', 'https://is1-ssl.mzstatic.com/image/thumb/PurpleSource211/v4/3a/95/72/3a9572f4-3951-27e7-e5b5-775a6605204d/370734c8-3359-4f18-8e8e-02544668d1c7_creative_image_0213ede2d9258badab8758cc8a924cb1_origin.png/392x696bb.png', 'https://is1-ssl.mzstatic.com/image/thumb/PurpleSource221/v4/b2/ff/a9/b2ffa993-44e8-3645-93ad-82e55ecc294f/552164d7-28a9-4737-8c34-0dac28ef466c_IOS_1242-2208_Lite_KR02.png/392x696bb.png', 'https://is1-ssl.mzstatic.com/image/thumb/PurpleSource221/v4/27/af/6d/27af6d16-109d-89c8-6863-139ffd7796a4/d2ad13a3-e80d-4b97-84e1-8632f48144e8_IOS_1242-2208_Lite_KR05.png/392x696bb.png']","['AR', 'BN', 'BG', 'MY', 'KM', 'CA', 'HR', 'CS', 'DA', 'NL', 'EN', 'ET', 'FR', 'DE', 'EL', 'HI', 'HU', 'ID', 'IT', 'JA', 'JV', 'KK', 'KO', 'LV', 'LT', 'MS', 'NB', 'PL', 'PT', 'RO', 'RU', 'ZH', 'SK', 'ES', 'SV', 'TH', 'ZH', 'TR', 'UK', 'UZ', 'VI']",['엔터테인먼트'],12.0,2025-07-08T15:37:49Z,https://apps.apple.com/kr/developer/tiktok-ltd/id1322881000?uo=4,
10,맥도날드,McDonald's Global Markets LLC,음식 및 음료,받기,2019-06-28T01:38:07-07:00,1217507712,com.mcdonalds.mobileapp,https://apps.apple.com/kr/app/%EB%A7%A5%EB%8F%84%EB%82%A0%EB%93%9C/id1217507712?uo=2,https://is1-ssl.mzstatic.com/image/thumb/Purple211/v4/4e/08/9c/4e089c44-261b-0b49-baab-747921515eb6/AppIcon-0-0-1x_U007emarketing-0-8-0-0-85-220.png/100x100bb.png,"맥도날드 앱 소개
1. What’s New : 놓칠 수 없는 맥도날드의 새로운 소식을 만나보세요.
2. 쿠폰 : 내가 좋아하는 메뉴를 쿠폰을 사용하여 할인된 가격으로 만나보세요.
3. 쿠폰 사용하기 : 매장에서 간편하게 쿠폰을 사용하세요.
4. 매장찾기 : 가장 가까운 맥도날드 매장을 찾아보세요.
5. 메뉴 : 맥도날드의 다양한 메뉴에 대한 정보를 확인하세요.

앱 접근 권한 안내
[정보통신망 이용촉진 및 정보보호 등에 관한 법률]
제 22조 2에 준수하여 앱 서비스 이용 시 필요한 접근권한을 아래와 같이 안내 드립니다.

※ 필수적 접근권한
- 기기 및 앱 기록 : 앱 실행 상태(버전) 확인
- Wi-Fi연결정보 : 앱 이용 네트워크 연결 체크

※ 선택적 접근권한
- 알림 설정 : 접속 상태의 알림,경고,사운드 등 알림 기능
- 위치 정보 : 현재 위치 자동 수신으로 가까운 매장 조회 및 맞춤 오퍼 쿠폰 제공

선택적 접근 권한은 관련 기능 이용 시 동의하실 수 있으며, 미동의 시에도 해당 기능의 앱 서비스는 이용 가능합니다.

※꼭! 확인해 주세요
Wi-Fi와 LTE/3G환경에서 모두 이용하실 수 있으나,
LTE/3G 이용 시 데이터 요금이 발생할 수 있습니다.

※맥도날드 앱은 기술적, 기능적 향상을 위하여 사전 고지 없이 업데이트를 진행하며,
이에 따라 소프트웨어의 최소사양이 상향될 수 있습니다.",© 2025 McDonald’s,3.27.0,214729728,1.67563,3311,4+,"맥도날드 앱 소개
1. What’s New : 놓칠 수 없는 맥도날드의 새로운 소식을 만나보세요.
2. 쿠폰 : 내가 좋아하는 메뉴를 쿠폰을 사용하여 할인된 가격으로 만나보세요.
3. 쿠폰 사용하기 : 매장에서 간편하게 쿠폰을 사용하세요.
4. 매장찾기 : 가장 가까운 맥도날드 매장을 찾아보세요.
5. 메뉴 : 맥도날드의 다양한 메뉴에 대한 정보를 확인하세요.

앱 접근 권한 안내
[정보통신망 이용촉진 및 정보보호 등에 관한 법률]
제 22조 2에 준수하여 앱 서비스 이용 시 필요한 접근권한을 아래와 같이 안내 드립니다.

※ 필수적 접근권한
- 기기 및 앱 기록 : 앱 실행 상태(버전) 확인
- Wi-Fi연결정보 : 앱 이용 네트워크 연결 체크

※ 선택적 접근권한
- 알림 설정 : 접속 상태의 알림,경고,사운드 등 알림 기능
- 위치 정보 : 현재 위치 자동 수신으로 가까운 매장 조회 및 맞춤 오퍼 쿠폰 제공

선택적 접근 권한은 관련 기능 이용 시 동의하실 수 있으며, 미동의 시에도 해당 기능의 앱 서비스는 이용 가능합니다.

※꼭! 확인해 주세요
Wi-Fi와 LTE/3G환경에서 모두 이용하실 수 있으나,
LTE/3G 이용 시 데이터 요금이 발생할 수 있습니다.

※맥도날드 앱은 기술적, 기능적 향상을 위하여 사전 고지 없이 업데이트를 진행하며,
이에 따라 소프트웨어의 최소사양이 상향될 수 있습니다.","['https://is1-ssl.mzstatic.com/image/thumb/PurpleSource211/v4/4d/06/d1/4d06d162-d626-c4cc-4c31-8c4c5305c506/90683a39-e79e-4606-a70b-fcdad9eec480_01-Markets.png/392x696bb.png', 'https://is1-ssl.mzstatic.com/image/thumb/PurpleSource211/v4/db/d9/42/dbd94225-7636-46ce-c44a-7ebebedbe8fb/55bfbb17-a7d3-4cae-b000-06ccd8c7beed_02-News.png/392x696bb.png', 'https://is1-ssl.mzstatic.com/image/thumb/PurpleSource211/v4/4a/af/ed/4aafed43-5014-b2c8-285a-1128a7a35264/acf205ec-678f-4a49-9fa3-bdd40fadbde4_04-Offers.png/392x696bb.png', 'https://is1-ssl.mzstatic.com/image/thumb/PurpleSource211/v4/fb/54/5c/fb545c33-56e0-0a98-f0ec-2a3924c3707d/13b8a893-8d3f-40f8-9b30-5769618dc9bb_05-Redeem.png/392x696bb.png']","['AR', 'AZ', 'BE', 'BS', 'BG', 'HR', 'CS', 'DA', 'NL', 'EN', 'ET', 'FI', 'FR', 'KA', 'DE', 'EL', 'HI', 'HU', 'IS', 'ID', 'IT', 'KN', 'KK', 'KO', 'LV', 'LT', 'MS', 'MT', 'NB', 'PL', 'PT', 'RO', 'RU', 'SR', 'SK', 'SL', 'ES', 'SV', 'TA', 'TE', 'TH', 'ZH', 'TR', 'UK', 'VI']","['음식 및 음료', '라이프스타일']",16.0,2025-06-29T14:19:24Z,https://apps.apple.com/kr/developer/mcdonalds-global-markets-llc/id1455234330?uo=4,
